{
  "sample_size": 100,
  "seed": 42,
  "sample_filter": null,
  "results": [
    {
      "model": "faster-whisper",
      "sample_count": 100,
      "duration_sec": 979.1012640190002,
      "sec_per_audio": 9.79101264019,
      "sample_clip_ids": [
        "mix_0000905_0.14_2_7.4_T",
        "mix_0003254_0.40_2_None_T",
        "mix_0002318_0.20_2_None_T",
        "mix_0001164_0.14_2_None_D",
        "mix_0001600_0.20_2_7.4_P",
        "mix_0000184_0.14_2_7.4_P",
        "mix_0002951_0.40_2_-5_T",
        "mix_0001064_0.14_2_0_T",
        "mix_0003453_0.40_2_-5_D",
        "mix_0001313_0.14_2_7.4_T",
        "mix_0003027_0.40_2_7.4_D",
        "mix_0000093_0.00_2_-5_D",
        "mix_0002225_0.20_2_7.4_T",
        "mix_0001957_0.20_2_None_P",
        "mix_0000109_0.00_2_None_P",
        "mix_0002446_0.20_2_-5_P",
        "mix_0003287_0.40_2_-5_T",
        "mix_0001123_0.14_2_0_P",
        "mix_0002597_0.40_2_7.4_T",
        "mix_0002718_0.40_2_0_D",
        "mix_0001378_0.20_2_-5_P",
        "mix_0000366_0.14_2_0_D",
        "mix_0001073_0.14_2_7.4_T",
        "mix_0002628_0.40_2_None_D",
        "mix_0002189_0.20_2_7.4_T",
        "mix_0000196_0.14_2_7.4_P",
        "mix_0002880_0.40_2_None_D",
        "mix_0001814_0.20_2_None_T",
        "mix_0000322_0.14_2_-5_P",
        "mix_0000321_0.14_2_-5_D",
        "mix_0001577_0.20_2_7.4_T",
        "mix_0000149_0.14_2_7.4_T",
        "mix_0002649_0.40_2_-5_D",
        "mix_0000752_0.14_2_0_T",
        "mix_0002496_0.20_2_None_D",
        "mix_0001345_0.20_2_None_P",
        "mix_0001950_0.20_2_0_D",
        "mix_0002178_0.20_2_0_D",
        "mix_0003252_0.40_2_None_D",
        "mix_0001578_0.20_2_0_D",
        "mix_0002761_0.40_2_None_P",
        "mix_0000402_0.14_2_0_D",
        "mix_0000829_0.14_2_None_P",
        "mix_0003231_0.40_2_7.4_D",
        "mix_0002585_0.40_2_7.4_T",
        "mix_0001826_0.20_2_None_T",
        "mix_0000291_0.14_2_7.4_D",
        "mix_0000439_0.14_2_0_P",
        "mix_0002930_0.40_2_None_T",
        "mix_0000032_0.00_2_0_T",
        "mix_0001211_0.14_2_-5_T",
        "mix_0001720_0.20_2_7.4_P",
        "mix_0000120_0.14_2_None_D",
        "mix_0003089_0.40_2_7.4_T",
        "mix_0000179_0.14_2_-5_T",
        "mix_0001261_0.14_2_None_P",
        "mix_0003712_0.40_2_7.4_P",
        "mix_0003199_0.40_2_0_P",
        "mix_0001336_0.20_2_7.4_P",
        "mix_0003655_0.40_2_0_P",
        "mix_0002382_0.20_2_0_D",
        "mix_0001742_0.20_2_None_T",
        "mix_0001444_0.20_2_7.4_P",
        "mix_0000802_0.14_2_-5_P",
        "mix_0000014_0.00_2_None_T",
        "mix_0001641_0.20_2_-5_D",
        "mix_0001818_0.20_2_0_D",
        "mix_0000443_0.14_2_-5_T",
        "mix_0002576_0.40_2_0_T",
        "mix_0002618_0.40_2_None_T",
        "mix_0002730_0.40_2_0_D",
        "mix_0001964_0.20_2_0_T",
        "mix_0000534_0.14_2_0_D",
        "mix_0001192_0.14_2_7.4_P",
        "mix_0001106_0.14_2_None_T",
        "mix_0002251_0.20_2_0_P",
        "mix_0000408_0.14_2_None_D",
        "mix_0002673_0.40_2_-5_D",
        "mix_0003012_0.40_2_None_D",
        "mix_0002891_0.40_2_-5_T",
        "mix_0000240_0.14_2_None_D",
        "mix_0000463_0.14_2_0_P",
        "mix_0003187_0.40_2_0_P",
        "mix_0000017_0.00_2_7.4_T",
        "mix_0000256_0.14_2_7.4_P",
        "mix_0000220_0.14_2_7.4_P",
        "mix_0001501_0.20_2_None_P",
        "mix_0000410_0.14_2_None_T",
        "mix_0000544_0.14_2_7.4_P",
        "mix_0001461_0.20_2_-5_D",
        "mix_0000229_0.14_2_None_P",
        "mix_0002894_0.40_2_None_T",
        "mix_0000965_0.14_2_7.4_T",
        "mix_0002396_0.20_2_0_T",
        "mix_0002057_0.20_2_7.4_T",
        "mix_0003414_0.40_2_0_D",
        "mix_0002471_0.20_2_-5_T",
        "mix_0003129_0.40_2_-5_D",
        "mix_0000325_0.14_2_None_P",
        "mix_0002540_0.40_2_0_T"
      ]
    },
    {
      "model": "parakeet",
      "sample_count": 100,
      "duration_sec": 92.52602635599942,
      "sec_per_audio": 0.9252602635599942,
      "sample_clip_ids": [
        "mix_0000905_0.14_2_7.4_T",
        "mix_0003254_0.40_2_None_T",
        "mix_0002318_0.20_2_None_T",
        "mix_0001164_0.14_2_None_D",
        "mix_0001600_0.20_2_7.4_P",
        "mix_0000184_0.14_2_7.4_P",
        "mix_0002951_0.40_2_-5_T",
        "mix_0001064_0.14_2_0_T",
        "mix_0003453_0.40_2_-5_D",
        "mix_0001313_0.14_2_7.4_T",
        "mix_0003027_0.40_2_7.4_D",
        "mix_0000093_0.00_2_-5_D",
        "mix_0002225_0.20_2_7.4_T",
        "mix_0001957_0.20_2_None_P",
        "mix_0000109_0.00_2_None_P",
        "mix_0002446_0.20_2_-5_P",
        "mix_0003287_0.40_2_-5_T",
        "mix_0001123_0.14_2_0_P",
        "mix_0002597_0.40_2_7.4_T",
        "mix_0002718_0.40_2_0_D",
        "mix_0001378_0.20_2_-5_P",
        "mix_0000366_0.14_2_0_D",
        "mix_0001073_0.14_2_7.4_T",
        "mix_0002628_0.40_2_None_D",
        "mix_0002189_0.20_2_7.4_T",
        "mix_0000196_0.14_2_7.4_P",
        "mix_0002880_0.40_2_None_D",
        "mix_0001814_0.20_2_None_T",
        "mix_0000322_0.14_2_-5_P",
        "mix_0000321_0.14_2_-5_D",
        "mix_0001577_0.20_2_7.4_T",
        "mix_0000149_0.14_2_7.4_T",
        "mix_0002649_0.40_2_-5_D",
        "mix_0000752_0.14_2_0_T",
        "mix_0002496_0.20_2_None_D",
        "mix_0001345_0.20_2_None_P",
        "mix_0001950_0.20_2_0_D",
        "mix_0002178_0.20_2_0_D",
        "mix_0003252_0.40_2_None_D",
        "mix_0001578_0.20_2_0_D",
        "mix_0002761_0.40_2_None_P",
        "mix_0000402_0.14_2_0_D",
        "mix_0000829_0.14_2_None_P",
        "mix_0003231_0.40_2_7.4_D",
        "mix_0002585_0.40_2_7.4_T",
        "mix_0001826_0.20_2_None_T",
        "mix_0000291_0.14_2_7.4_D",
        "mix_0000439_0.14_2_0_P",
        "mix_0002930_0.40_2_None_T",
        "mix_0000032_0.00_2_0_T",
        "mix_0001211_0.14_2_-5_T",
        "mix_0001720_0.20_2_7.4_P",
        "mix_0000120_0.14_2_None_D",
        "mix_0003089_0.40_2_7.4_T",
        "mix_0000179_0.14_2_-5_T",
        "mix_0001261_0.14_2_None_P",
        "mix_0003712_0.40_2_7.4_P",
        "mix_0003199_0.40_2_0_P",
        "mix_0001336_0.20_2_7.4_P",
        "mix_0003655_0.40_2_0_P",
        "mix_0002382_0.20_2_0_D",
        "mix_0001742_0.20_2_None_T",
        "mix_0001444_0.20_2_7.4_P",
        "mix_0000802_0.14_2_-5_P",
        "mix_0000014_0.00_2_None_T",
        "mix_0001641_0.20_2_-5_D",
        "mix_0001818_0.20_2_0_D",
        "mix_0000443_0.14_2_-5_T",
        "mix_0002576_0.40_2_0_T",
        "mix_0002618_0.40_2_None_T",
        "mix_0002730_0.40_2_0_D",
        "mix_0001964_0.20_2_0_T",
        "mix_0000534_0.14_2_0_D",
        "mix_0001192_0.14_2_7.4_P",
        "mix_0001106_0.14_2_None_T",
        "mix_0002251_0.20_2_0_P",
        "mix_0000408_0.14_2_None_D",
        "mix_0002673_0.40_2_-5_D",
        "mix_0003012_0.40_2_None_D",
        "mix_0002891_0.40_2_-5_T",
        "mix_0000240_0.14_2_None_D",
        "mix_0000463_0.14_2_0_P",
        "mix_0003187_0.40_2_0_P",
        "mix_0000017_0.00_2_7.4_T",
        "mix_0000256_0.14_2_7.4_P",
        "mix_0000220_0.14_2_7.4_P",
        "mix_0001501_0.20_2_None_P",
        "mix_0000410_0.14_2_None_T",
        "mix_0000544_0.14_2_7.4_P",
        "mix_0001461_0.20_2_-5_D",
        "mix_0000229_0.14_2_None_P",
        "mix_0002894_0.40_2_None_T",
        "mix_0000965_0.14_2_7.4_T",
        "mix_0002396_0.20_2_0_T",
        "mix_0002057_0.20_2_7.4_T",
        "mix_0003414_0.40_2_0_D",
        "mix_0002471_0.20_2_-5_T",
        "mix_0003129_0.40_2_-5_D",
        "mix_0000325_0.14_2_None_P",
        "mix_0002540_0.40_2_0_T"
      ]
    },
    {
      "model": "wav2vec2",
      "sample_count": 100,
      "duration_sec": 52.94133510100073,
      "sec_per_audio": 0.5294133510100073,