{
  "sample_size": 100,
  "seed": 1234,
  "sample_filter": null,
  "total_audio_duration_sec": 6708.147624999995,
  "results": [
    {
      "model": "faster-whisper",
      "sample_count": 100,
      "duration_sec": 2773.633038567,
      "total_processing_time_sec": 2773.633038567,
      "sec_per_audio": 27.736330385669998,
      "rtfx": 2.418541866109933,
      "sample_clip_ids": [
        "mix_0004448_0.40_2_0_T",
        "mix_0003022_0.20_2_-5_P",
        "mix_0000827_0.00_2_-5_T",
        "mix_0001745_0.14_2_7.4_T",
        "mix_0004202_0.40_2_None_T",
        "mix_0000149_0.00_2_7.4_T",
        "mix_0004630_0.40_2_-5_P",
        "mix_0000197_0.00_2_7.4_T",
        "mix_0004530_0.40_2_0_D",
        "mix_0003399_0.20_2_7.4_D",
        "mix_0001225_0.14_2_None_P",
        "mix_0002440_0.20_2_7.4_P",
        "mix_0001742_0.14_2_None_T",
        "mix_0003122_0.20_2_None_T",
        "mix_0003558_0.20_2_0_D",
        "mix_0001781_0.14_2_7.4_T",
        "mix_0001181_0.00_2_7.4_T",
        "mix_0000302_0.00_2_None_T",
        "mix_0001510_0.14_2_-5_P",
        "mix_0003156_0.20_2_None_D",
        "mix_0001751_0.14_2_-5_T",
        "mix_0000210_0.00_2_0_D",
        "mix_0002917_0.20_2_None_P",
        "mix_0002151_0.14_2_7.4_D",
        "mix_0001100_0.00_2_0_T",
        "mix_0000765_0.00_2_-5_D",
        "mix_0000962_0.00_2_None_T",
        "mix_0004113_0.40_2_-5_D",
        "mix_0000416_0.00_2_0_T",
        "mix_0001789_0.14_2_None_P",
        "mix_0004583_0.40_2_-5_T",
        "mix_0000531_0.00_2_7.4_D",
        "mix_0001260_0.14_2_None_D",
        "mix_0004791_0.40_2_7.4_D",
        "mix_0004258_0.40_2_-5_P",
        "mix_0002341_0.14_2_None_P",
        "mix_0000988_0.00_2_7.4_P",
        "mix_0004311_0.40_2_7.4_D",
        "mix_0004586_0.40_2_None_T",
        "mix_0004654_0.40_2_-5_P",
        "mix_0004742_0.40_2_None_T",
        "mix_0003858_0.40_2_0_D",
        "mix_0004799_0.40_2_-5_T",
        "mix_0000949_0.00_2_None_P",
        "mix_0000361_0.00_2_None_P",
        "mix_0000652_0.00_2_7.4_P",
        "mix_0000259_0.00_2_0_P",
        "mix_0003886_0.40_2_-5_P",
        "mix_0000327_0.00_2_7.4_D",
        "mix_0004346_0.40_2_None_T",
        "mix_0004019_0.40_2_-5_T",
        "mix_0003642_0.40_2_0_D",
        "mix_0002781_0.20_2_-5_D",
        "mix_0002208_0.14_2_None_D",
        "mix_0004529_0.40_2_7.4_T",
        "mix_0002852_0.20_2_0_T",
        "mix_0002134_0.14_2_-5_P",
        "mix_0000370_0.00_2_-5_P",
        "mix_0001815_0.14_2_7.4_D",
        "mix_0001825_0.14_2_None_P",
        "mix_0003195_0.20_2_7.4_D",
        "mix_0003363_0.20_2_7.4_D",
        "mix_0004312_0.40_2_7.4_P",
        "mix_0002210_0.14_2_None_T",
        "mix_0002961_0.20_2_-5_D",
        "mix_0003470_0.20_2_None_T",
        "mix_0001906_0.14_2_-5_P",
        "mix_0001198_0.00_2_-5_P",
        "mix_0003546_0.20_2_0_D",
        "mix_0003482_0.20_2_None_T",
        "mix_0002875_0.20_2_0_P",
        "mix_0002408_0.20_2_0_T",
        "mix_0003987_0.40_2_7.4_D",
        "mix_0002081_0.14_2_7.4_T",
        "mix_0000851_0.00_2_-5_T",
        "mix_0000341_0.00_2_7.4_T",
        "mix_0000389_0.00_2_7.4_T",
        "mix_0002075_0.14_2_-5_T",
        "mix_0004720_0.40_2_7.4_P",
        "mix_0000874_0.00_2_-5_P",
        "mix_0002600_0.20_2_0_T",
        "mix_0001439_0.14_2_-5_T",
        "mix_0002280_0.14_2_None_D",
        "mix_0001271_0.14_2_-5_T",
        "mix_0002267_0.14_2_-5_T",
        "mix_0001431_0.14_2_7.4_D",
        "mix_0002017_0.14_2_None_P",
        "mix_0002529_0.20_2_-5_D",
        "mix_0002545_0.20_2_None_P",
        "mix_0004016_0.40_2_0_T",
        "mix_0003369_0.20_2_-5_D",
        "mix_0000870_0.00_2_0_D",
        "mix_0000359_0.00_2_-5_T",
        "mix_0004143_0.40_2_7.4_D",
        "mix_0004457_0.40_2_7.4_T",
        "mix_0002340_0.14_2_None_D",
        "mix_0003496_0.20_2_7.4_P",
        "mix_0002157_0.14_2_-5_D",
        "mix_0003258_0.20_2_0_D",
        "mix_0003185_0.20_2_7.4_T"
      ]
    },
    {
      "model": "whisperx",
      "sample_count": 100,
      "duration_sec": 727.559370585,
      "total_processing_time_sec": 727.559370585,
      "sec_per_audio": 7.27559370585,
      "rtfx": 9.220069036573957,
      "sample_clip_ids": [
        "mix_0004448_0.40_2_0_T",
        "mix_0003022_0.20_2_-5_P",
        "mix_0000827_0.00_2_-5_T",
        "mix_0001745_0.14_2_7.4_T",
        "mix_0004202_0.40_2_None_T",
        "mix_0000149_0.00_2_7.4_T",
        "mix_0004630_0.40_2_-5_P",
        "mix_0000197_0.00_2_7.4_T",
        "mix_0004530_0.40_2_0_D",
        "mix_0003399_0.20_2_7.4_D",
        "mix_0001225_0.14_2_None_P",
        "mix_0002440_0.20_2_7.4_P",
        "mix_0001742_0.14_2_None_T",
        "mix_0003122_0.20_2_None_T",
        "mix_0003558_0.20_2_0_D",
        "mix_0001781_0.14_2_7.4_T",
        "mix_0001181_0.00_2_7.4_T",
        "mix_0000302_0.00_2_None_T",
        "mix_0001510_0.14_2_-5_P",
        "mix_0003156_0.20_2_None_D",
        "mix_0001751_0.14_2_-5_T",
        "mix_0000210_0.00_2_0_D",
        "mix_0002917_0.20_2_None_P",
        "mix_0002151_0.14_2_7.4_D",
        "mix_0001100_0.00_2_0_T",
        "mix_0000765_0.00_2_-5_D",
        "mix_0000962_0.00_2_None_T",
        "mix_0004113_0.40_2_-5_D",
        "mix_0000416_0.00_2_0_T",
        "mix_0001789_0.14_2_None_P",
        "mix_0004583_0.40_2_-5_T",
        "mix_0000531_0.00_2_7.4_D",
        "mix_0001260_0.14_2_None_D",
        "mix_0004791_0.40_2_7.4_D",
        "mix_0004258_0.40_2_-5_P",
        "mix_0002341_0.14_2_None_P",
        "mix_0000988_0.00_2_7.4_P",
        "mix_0004311_0.40_2_7.4_D",
        "mix_0004586_0.40_2_None_T",
        "mix_0004654_0.40_2_-5_P",
        "mix_0004742_0.40_2_None_T",
        "mix_0003858_0.40_2_0_D",
        "mix_0004799_0.40_2_-5_T",
        "mix_0000949_0.00_2_None_P",
        "mix_0000361_0.00_2_None_P",
        "mix_0000652_0.00_2_7.4_P",
        "mix_0000259_0.00_2_0_P",
        "mix_0003886_0.40_2_-5_P",
        "mix_0000327_0.00_2_7.4_D",
        "mix_0004346_0.40_2_None_T",
        "mix_0004019_0.40_2_-5_T",
        "mix_0003642_0.40_2_0_D",
        "mix_0002781_0.20_2_-5_D",
        "mix_0002208_0.14_2_None_D",
        "mix_0004529_0.40_2_7.4_T",
        "mix_0002852_0.20_2_0_T",
        "mix_0002134_0.14_2_-5_P",
        "mix_0000370_0.00_2_-5_P",
        "mix_0001815_0.14_2_7.4_D",
        "mix_0001825_0.14_2_None_P",
        "mix_0003195_0.20_2_7.4_D",
        "mix_0003363_0.20_2_7.4_D",
        "mix_0004312_0.40_2_7.4_P",
        "mix_0002210_0.14_2_None_T",
        "mix_0002961_0.20_2_-5_D",
        "mix_0003470_0.20_2_None_T",
        "mix_0001906_0.14_2_-5_P",
        "mix_0001198_0.00_2_-5_P",
        "mix_0003546_0.20_2_0_D",
        "mix_0003482_0.20_2_None_T",
        "mix_0002875_0.20_2_0_P",
        "mix_0002408_0.20_2_0_T",
        "mix_0003987_0.40_2_7.4_D",
        "mix_0002081_0.14_2_7.4_T",
        "mix_0000851_0.00_2_-5_T",
        "mix_0000341_0.00_2_7.4_T",
        "mix_0000389_0.00_2_7.4_T",
        "mix_0002075_0.14_2_-5_T",
        "mix_0004720_0.40_2_7.4_P",
        "mix_0000874_0.00_2_-5_P",
        "mix_0002600_0.20_2_0_T",
        "mix_0001439_0.14_2_-5_T",
        "mix_0002280_0.14_2_None_D",
        "mix_0001271_0.14_2_-5_T",
        "mix_0002267_0.14_2_-5_T",
        "mix_0001431_0.14_2_7.4_D",
        "mix_0002017_0.14_2_None_P",
        "mix_0002529_0.20_2_-5_D",
        "mix_0002545_0.20_2_None_P",
        "mix_0004016_0.40_2_0_T",
        "mix_0003369_0.20_2_-5_D",
        "mix_0000870_0.00_2_0_D",
        "mix_0000359_0.00_2_-5_T",
        "mix_0004143_0.40_2_7.4_D",
        "mix_0004457_0.40_2_7.4_T",
        "mix_0002340_0.14_2_None_D",
        "mix_0003496_0.20_2_7.4_P",
        "mix_0002157_0.14_2_-5_D",
        "mix_0003258_0.20_2_0_D",
        "mix_0003185_0.20_2_7.4_T"
      ]
    },
    {
      "model": "parakeet",
      "sample_count": 100,
      "duration_sec": 112.434328196,
      "total_processing_time_sec": 112.434328196,
      "sec_per_audio": 1.1243432819599999,