{
    "transcribe_faster_whisper_0-10": 5.969545767,
    "transcribe_wav2vec2_0-10": 23.30413837900005,
    "transcribe_parakeet_0-10": 39.50407504700024,
    "transcribe_wishperx_0-10": 100.26820220300033,
    "transcribe_faster_whisper_10-20": 5.1183351259996925,
    "transcribe_wav2vec2_10-20": 22.83677928299994,
    "transcribe_parakeet_10-20": 44.62461062600005,
    "transcribe_wishperx_10-20": 94.15429248199962,
    "transcribe_faster_whisper_20-30": 5.017018587000166,
    "transcribe_wav2vec2_20-30": 23.91022801300005,
    "transcribe_parakeet_20-30": 41.9482817359999,
    "transcribe_wishperx_20-30": 86.81436983100002,
    "transcribe_faster_whisper_30-40": 3.9968586850000065,
    "transcribe_wav2vec2_30-40": 24.554923449999933,
    "transcribe_parakeet_30-40": 44.329225742999824,
    "transcribe_wishperx_30-40": 83.08161819500037,
    "transcribe_faster_whisper_40-50": 3.5669088090003243,
    "transcribe_wav2vec2_40-50": 24.551337361999686,
    "transcribe_parakeet_40-50": 41.02127275899966,
    "transcribe_wishperx_40-50": 95.99513636300026,
    "transcribe_faster_whisper_50-60": 4.424014448999969,
    "transcribe_wav2vec2_50-60": 26.439962242000092,
    "transcribe_parakeet_50-60": 46.617941255999995,
    "transcribe_wishperx_50-60": 141.79516080799976,
    "transcribe_faster_whisper_60-69": 3.055654165999954,
    "transcribe_wav2vec2_60-69": 24.911874677000014,
    "transcribe_parakeet_60-69": 41.43382761099974,
    "transcribe_wishperx_60-69": 111.46481664700013,
    "transcribe_faster_whisper_70-79": 2.589916463999998,
    "transcribe_wav2vec2_70-79": 26.16903577400035,
    "transcribe_parakeet_70-79": 45.84106696500021,
    "transcribe_wishperx_70-79": 100.20444849900014,
    "transcribe_faster_whisper_80-89": 2.659139732999961,
    "transcribe_wav2vec2_80-89": 24.27142352700048,
    "transcribe_parakeet_80-89": 42.684945665999294,
    "transcribe_wishperx_80-89": 91.92962389000058,
    "transcribe_faster_whisper_90-99": 2.87618398099994,
    "transcribe_wav2vec2_90-99": 23.196187931999702,
    "transcribe_parakeet_90-99": 39.423319242000616,
    "transcribe_wishperx_90-99": 96.10600811299992,
    "transcribe_faster_whisper_100-109": 2.576071232000004,
    "transcribe_wav2vec2_100-109": 22.636851911999656,
    "transcribe_parakeet_100-109": 41.916302852000626,
    "transcribe_wishperx_100-109": 101.40465744199992,
    "transcribe_faster_whisper_110-119": 2.8253303819999473,
    "transcribe_wav2vec2_110-119": 24.73918857099943,
    "transcribe_parakeet_110-119": 43.02934704800009,
    "transcribe_wishperx_110-119": 107.49624655600019,
    "transcribe_faster_whisper_120-129": 2.849050732999899,
    "transcribe_wav2vec2_120-129": 23.582052572000066,
    "transcribe_parakeet_120-129": 37.89945368500048,
    "transcribe_wishperx_120-129": 95.7406017000003,
    "transcribe_faster_whisper_130-139": 3.0726481269999795,
    "transcribe_wav2vec2_130-139": 21.67594131900023,
    "transcribe_parakeet_130-139": 39.36955250200026,
    "transcribe_wishperx_130-139": 90.90056171699962,
    "transcribe_faster_whisper_140-149": 2.8302519449999863,
    "transcribe_wav2vec2_140-149": 22.564746808000564,
    "transcribe_parakeet_140-149": 37.68593921000047,
    "transcribe_wishperx_140-149": 86.29251021299933,
    "transcribe_faster_whisper_150-159": 2.6670051819999117,
    "transcribe_wav2vec2_150-159": 23.55990457200005,
    "transcribe_parakeet_150-159": 43.815292508999846,
    "transcribe_wishperx_150-159": 90.9145096229995,
    "transcribe_faster_whisper_160-169": 2.640664829000002,
    "transcribe_wav2vec2_160-169": 24.151413036000122,
    "transcribe_parakeet_160-169": 41.71951068100043,
    "transcribe_wishperx_160-169": 107.60284475300068,
    "transcribe_faster_whisper_170-179": 2.682757737999964,
    "transcribe_wav2vec2_170-179": 24.039210919000652,
    "transcribe_parakeet_170-179": 439.42248613300035,
    "transcribe_wishperx_170-179": 1526.9001524900004,
    "transcribe_faster_whisper_180-189": 48.43418707099954,
    "transcribe_wav2vec2_180-189": 40.33561040299992,
    "transcribe_parakeet_180-189": 735.4859448769994,
    "transcribe_wishperx_180-189": 1729.773382887999,
    "transcribe_faster_whisper_190-199": 73.52885318500012,
    "transcribe_wav2vec2_190-199": 29.72851505499966,
    "transcribe_parakeet_190-199": 593.2073030880001,
    "transcribe_wishperx_190-199": 1646.1475520530003,
    "transcribe_faster_whisper_200-209": 20.67447904599976,
    "transcribe_wav2vec2_200-209": 26.08588820800105,
    "transcribe_parakeet_200-209": 383.50697234699874,
    "transcribe_wishperx_200-209": 1294.6038350850013,
    "transcribe_faster_whisper_210-219": 17.046359900001335,
    "transcribe_wav2vec2_210-219": 23.608227113001703,
    "transcribe_parakeet_210-219": 361.4538789479993,
    "transcribe_wishperx_210-219": 1069.5785423140005,
    "transcribe_faster_whisper_220-229": 15.610316154001339,
    "transcribe_wav2vec2_220-229": 25.431651962000615,
    "transcribe_parakeet_220-229": 344.7677714519996,
    "transcribe_wishperx_220-229": 1148.289761225,
    "transcribe_faster_whisper_230-239": 18.475050036999164,
    "transcribe_wav2vec2_230-239": 22.74523886099996,
    "transcribe_parakeet_230-239": 361.6884646769977,
    "transcribe_wishperx_230-239": 1299.8903010559989,
    "transcribe_faster_whisper_240-249": 20.431244153998705,
    "transcribe_wav2vec2_240-249": 26.610033111999655,
    "transcribe_parakeet_240-249": 392.7206775839986,
    "transcribe_wishperx_240-249": 1450.3405926660016,
    "transcribe_faster_whisper_250-259": 23.826630139999907,
    "transcribe_wav2vec2_250-259": 25.365765398000804,
    "transcribe_parakeet_250-259": 412.3602402120014,
    "transcribe_wishperx_250-259": 1398.036235028001,
    "transcribe_faster_whisper_260-269": 25.55973111500134,
    "transcribe_wav2vec2_260-269": 25.202241924998816,
    "transcribe_parakeet_260-269": 401.15675707099945,
    "transcribe_wishperx_260-269": 1354.346798188999,
    "transcribe_faster_whisper_270-279": 20.876337388999673,
    "transcribe_wav2vec2_270-279": 24.85929310800202,
    "transcribe_parakeet_270-279": 332.583308958001,
    "transcribe_wishperx_270-279": 1133.0673527279978,
    "transcribe_faster_whisper_280-289": 19.510745120001957,
    "transcribe_wav2vec2_280-289": 23.626343733001704,
    "transcribe_parakeet_280-289": 367.54160211400085,
    "transcribe_wishperx_280-289": 1236.1637123699984,
    "transcribe_faster_whisper_0-9": 317.95457525300026,
    "transcribe_faster_whisper_10-19": 379.04960071999994,
    "transcribe_faster_whisper_20-29": 2.8698763359999475,
    "transcribe_faster_whisper_30-39": 2.93056139600003,
    "transcribe_faster_whisper_40-49": 2.5091271719999213,
    "transcribe_faster_whisper_50-59": 2.7286867219999067
}