{
  "cross_model": {
    "faster-whisper": {
      "max": 1.0327102803738317,
      "mean": 0.1586921767328706,
      "median": 0.12254901960784313,
      "min": 0.0,
      "n": 700,
      "pct_gt_1": 0.14285714285714285,
      "sd": 0.12829197967077985
    },
    "parakeet": {
      "max": 1.0,
      "mean": 0.5034785618259998,
      "median": 0.5248571428571429,
      "min": 0.005376344086021506,
      "n": 700,
      "pct_gt_1": 0.0,
      "sd": 0.20787450574645683
    },
    "wav2vec2": {
      "max": 0.652014652014652,
      "mean": 0.2281295995110533,
      "median": 0.20506410256410257,
      "min": 0.0,
      "n": 700,
      "pct_gt_1": 0.0,
      "sd": 0.13283935800743546
    },
    "whisperx": {
      "max": 0.8177777777777778,
      "mean": 0.1813041738646366,
      "median": 0.1385949310804802,
      "min": 0.0,
      "n": 700,
      "pct_gt_1": 0.0,
      "sd": 0.14950617702401964
    }
  },
  "cross_model_clip_regex": "(^mix_[0-9]+_0\\.(00|14|20|40)_2_7\\.4_T$)|(^mix_[0-9]+_0\\.14_2_(None|7\\.4|0|-5)_T$)",
  "cross_model_metric_means": {
    "cpwer": {
      "faster-whisper": 0.795378597951198,
      "parakeet": 0.7592825245312276,
      "wav2vec2": 0.8142294806704383,
      "whisperx": 0.7647388761979583
    },
    "dss_wer": {
      "faster-whisper": 0.15577121673452649,
      "parakeet": 0.5147442958251343,
      "wav2vec2": 0.2111492770224422,
      "whisperx": 0.17880797510424337
    },
    "orc_wer": {
      "faster-whisper": 0.6039011844018844,
      "parakeet": 0.6411136650639506,
      "wav2vec2": 0.6428395765487999,
      "whisperx": 0.5844637335818441
    },
    "wer": {
      "faster-whisper": 0.1586921767328706,
      "parakeet": 0.5034785618259998,
      "wav2vec2": 0.2281295995110533,
      "whisperx": 0.1813041738646366
    }
  },
  "cross_model_overlap_slice_means": {
    "0.0": {
      "faster-whisper": 0.05191037801501272,
      "parakeet": 0.30677386062406853,
      "wav2vec2": 0.03973343047733432,
      "whisperx": 0.03822641682000844
    },
    "0.14": {
      "faster-whisper": 0.1282685245071807,
      "parakeet": 0.5445595420983557,
      "wav2vec2": 0.18359466825101872,
      "whisperx": 0.14230634196182837
    },
    "0.2": {
      "faster-whisper": 0.19467527844867782,
      "parakeet": 0.5187948611351484,
      "wav2vec2": 0.2579183589217613,
      "whisperx": 0.20724323219687732
    },
    "0.4": {
      "faster-whisper": 0.33922934820536105,
      "parakeet": 0.598394631107526,
      "wav2vec2": 0.43068634730912647,
      "whisperx": 0.3832630128208717
    }
  },
  "cross_model_snr_slice_means": {
    "-5": {
      "faster-whisper": 0.13909031980400716,
      "parakeet": 0.456833886353004,
      "wav2vec2": 0.28913252064109907,
      "whisperx": 0.1939598974622918
    },
    "0": {
      "faster-whisper": 0.13102558162495748,
      "parakeet": 0.4824286345941599,
      "wav2vec2": 0.21614973256766667,
      "whisperx": 0.1657252328729473
    },
    "7.4": {
      "faster-whisper": 0.1282685245071807,
      "parakeet": 0.5445595420983557,
      "wav2vec2": 0.18359466825101872,
      "whisperx": 0.14230634196182837
    },
    "clean": {
      "faster-whisper": 0.12664580652489715,
      "parakeet": 0.6165645168697361,
      "wav2vec2": 0.17969213840936632,
      "whisperx": 0.13840508291763123
    }
  },
  "cross_model_unique_clip_counts": {
    "-5": {
      "0.00": null,
      "0.14": 100,
      "0.20": null,
      "0.40": null
    },
    "0": {
      "0.00": null,
      "0.14": 100,
      "0.20": null,
      "0.40": null
    },
    "7.4": {
      "0.00": 100,
      "0.14": 100,
      "0.20": 100,
      "0.40": 100
    },
    "clean": {
      "0.00": null,
      "0.14": 100,
      "0.20": null,
      "0.40": null
    }
  },
  "source_files": [
    "WER_results_faster-whisper.json",
    "WER_results_whisperx.json",
    "WER_results_wav2vec2.json",
    "WER_results_parakeet.json"
  ],
  "timing": {
    "faster-whisper": {
      "rtfx": 2.418541866109933,
      "sample_count": 100,
      "seconds_per_clip": 27.736330385669998,
      "total_processing_time_sec": 2773.633038567
    },
    "parakeet": {
      "rtfx": 59.662807014829895,
      "sample_count": 100,
      "seconds_per_clip": 1.1243432819599999,
      "total_processing_time_sec": 112.434328196
    },
    "wav2vec2": {
      "rtfx": 88.9506163140579,
      "sample_count": 100,
      "seconds_per_clip": 0.7541429056900002,
      "total_processing_time_sec": 75.41429056900002
    },
    "whisperx": {
      "rtfx": 9.220069036573957,
      "sample_count": 100,
      "seconds_per_clip": 7.27559370585,
      "total_processing_time_sec": 727.559370585
    }
  },
  "wav2vec2_by_noise_type": {
    "D": {
      "max": 0.9473684210526315,
      "mean": 0.3284369242191456,
      "median": 0.2983734249713631,
      "min": 0.0,
      "n": 1600,
      "pct_gt_1": 0.0,
      "sd": 0.20183802092902225
    },
    "P": {
      "max": 1.0,
      "mean": 0.5691492126428643,
      "median": 0.5521066021345247,
      "min": 0.0,
      "n": 1600,
      "pct_gt_1": 0.0,
      "sd": 0.3231656071570956
    },
    "T": {
      "max": 0.8466257668711656,
      "mean": 0.2598066993960524,
      "median": 0.2413793103448276,
      "min": 0.0,
      "n": 1600,
      "pct_gt_1": 0.0,
      "sd": 0.1665937612706217
    }
  },
  "wav2vec2_by_overlap": {
    "0.00": {
      "max": 1.0,
      "mean": 0.24556282307490523,
      "median": 0.07142857142857142,
      "min": 0.0,
      "n": 1200,
      "pct_gt_1": 0.0,
      "sd": 0.31717955496389927
    },
    "0.14": {
      "max": 1.0,
      "mean": 0.3502732017771986,
      "median": 0.2224249797242498,
      "min": 0.0918918918918919,
      "n": 1200,
      "pct_gt_1": 0.0,
      "sd": 0.2610588192884213
    },
    "0.20": {
      "max": 1.0,
      "mean": 0.40711480092026564,
      "median": 0.29566138767478384,
      "min": 0.14814814814814814,
      "n": 1200,
      "pct_gt_1": 0.0,
      "sd": 0.23440601426131258
    },
    "0.40": {
      "max": 1.0,
      "mean": 0.5402396225717135,
      "median": 0.4732803186737548,
      "min": 0.265625,
      "n": 1200,
      "pct_gt_1": 0.0,
      "sd": 0.17910949526219885
    }
  },
  "wav2vec2_by_snr": {
    "-5": {
      "max": 1.0,
      "mean": 0.5877554304916304,
      "median": 0.5764258194052528,
      "min": 0.0,
      "n": 1200,
      "pct_gt_1": 0.0,
      "sd": 0.3128609248638951
    },
    "0": {
      "max": 1.0,
      "mean": 0.45197402506936973,
      "median": 0.42599113197704747,
      "min": 0.0,
      "n": 1200,
      "pct_gt_1": 0.0,
      "sd": 0.2663157292938713
    },
    "7.4": {
      "max": 0.9401709401709402,
      "mean": 0.2792391446038305,
      "median": 0.2655808615819209,
      "min": 0.0,
      "n": 1200,
      "pct_gt_1": 0.0,
      "sd": 0.16682137329397065
    },
    "clean": {
      "max": 0.5610859728506787,
      "mean": 0.22422184817925256,
      "median": 0.21565335753176043,
      "min": 0.0,
      "n": 1200,
      "pct_gt_1": 0.0,
      "sd": 0.14738116871749382
    }
  },
  "wav2vec2_delta_vs_ovr": {
    "0.00": {
      "-5": 0.46845632788926467,
      "0": 0.3073058165944866,
      "7.4": 0.06301469384161648,
      "clean": 0.0
    },
    "0.14": {
      "-5": 0.3898298997091971,
      "0": 0.23347974657227868,
      "7.4": 0.05901460718985346,
      "clean": 0.0
    },
    "0.20": {
      "-5": 0.3446425394978182,
      "0": 0.21322957385091273,
      "7.4": 0.05867576980327749,
      "clean": 0.0
    },
    "0.40": {
      "-5": 0.2512055621532312,
      "0": 0.15699357054279073,
      "7.4": 0.03936411486356434,
      "clean": 0.0
    }
  },
  "wav2vec2_delta_vs_snr": {
    "-5": {
      "0.00": 0.46845632788926467,
      "0.14": 0.3898298997091971,
      "0.20": 0.3446425394978182,
      "0.40": 0.2512055621532312
    },
    "0": {
      "0.00": 0.3073058165944866,
      "0.14": 0.23347974657227868,
      "0.20": 0.21322957385091273,
      "0.40": 0.15699357054279073
    },
    "7.4": {
      "0.00": 0.06301469384161648,